...1,Song,lyric
1, (You're Better) Than Ever ,all my favorite socks are getting holes in them
2, (You're Better) Than Ever ,all my favorite people got a load on them
3, (You're Better) Than Ever ,but i heard
4, (You're Better) Than Ever ,that you feel better
5, (You're Better) Than Ever ,better than ever
6, (You're Better) Than Ever ,than ever
7, (You're Better) Than Ever ,all my jeans and hoodies smell like parliaments
8, (You're Better) Than Ever ,all i wanna do is sk8 back to yr bed
9, (You're Better) Than Ever ,'cause i heard
10, (You're Better) Than Ever ,that you got better
11, (You're Better) Than Ever ,better than ever
12, (You're Better) Than Ever ,than ever
13, (You're Better) Than Ever ,it's not to say that i'm unfortunate (ooh ooh)
14, (You're Better) Than Ever ,or that i haven't been succeeding (ahh ahh ahh ahhhh)
15, (You're Better) Than Ever ,but i'm a hushed and quiet resonance (ah ah ah)
16, (You're Better) Than Ever ,when i wanted to be screaming
17, (You're Better) Than Ever ,all the things i used to do are boring now
18, (You're Better) Than Ever ,all the baddest words i knew came pouring out
19, (You're Better) Than Ever ,when i heard
20, (You're Better) Than Ever ,that you feel better
21, (You're Better) Than Ever ,better than ever
22, (You're Better) Than Ever ,than ever
23, (You're Better) Than Ever ,it's not to say that i'm unfortunate (ooh ooh)
24, (You're Better) Than Ever ,or that i haven't been succeeding (ahh ahh ahh ahhhh)
25, (You're Better) Than Ever ,but i'm a hushed and quiet resonance (ah ah ah)
26, (You're Better) Than Ever ,when i wanted to be screaming
27, (You're Better) Than Ever ,ahhh!
28, (You're Better) Than Ever ,all day long i waited for my phone to ring
29, (You're Better) Than Ever ,i counted every glow star on my ceiling
30, (You're Better) Than Ever ,texted you a picture where you looked pretty and
31, (You're Better) Than Ever ,wondered if you saved the ones you had of me
32, (You're Better) Than Ever ,but i'm sure
33, (You're Better) Than Ever ,you must be better
34, (You're Better) Than Ever ,better than ever
35, (You're Better) Than Ever ,"oh, i'm sure"
36, (You're Better) Than Ever ,i could do better
44, Kiss Yr Frenemies ,your shortlist goes on and on
45, Kiss Yr Frenemies ,it's filled with things i couldn't do
46, Kiss Yr Frenemies ,i wanted to
47, Kiss Yr Frenemies ,i wanted anything you wanted
48, Kiss Yr Frenemies ,mostly a month is not such cogent time
49, Kiss Yr Frenemies ,a cycle framed by crescent moons
50, Kiss Yr Frenemies ,"so soft, so smooth"
51, Kiss Yr Frenemies ,you were the bold face and the shadow
59, (You're Better) Than Ever ,all my favorite socks are getting holes in them
60, (You're Better) Than Ever ,all my favorite people got a load on them
61, (You're Better) Than Ever ,but i heard
62, (You're Better) Than Ever ,that you feel better
63, (You're Better) Than Ever ,better than ever
64, (You're Better) Than Ever ,than ever
65, (You're Better) Than Ever ,all my jeans and hoodies smell like parliaments
66, (You're Better) Than Ever ,all i wanna do is sk8 back to yr bed
67, (You're Better) Than Ever ,'cause i heard
68, (You're Better) Than Ever ,that you got better
69, (You're Better) Than Ever ,better than ever
70, (You're Better) Than Ever ,than ever
71, (You're Better) Than Ever ,it's not to say that i'm unfortunate (ooh ooh)
72, (You're Better) Than Ever ,or that i haven't been succeeding (ahh ahh ahh ahhhh)
73, (You're Better) Than Ever ,but i'm a hushed and quiet resonance (ah ah ah)
74, (You're Better) Than Ever ,when i wanted to be screaming
75, (You're Better) Than Ever ,all the things i used to do are boring now
76, (You're Better) Than Ever ,all the baddest words i knew came pouring out
77, (You're Better) Than Ever ,when i heard
78, (You're Better) Than Ever ,that you feel better
79, (You're Better) Than Ever ,better than ever
80, (You're Better) Than Ever ,than ever
81, (You're Better) Than Ever ,it's not to say that i'm unfortunate (ooh ooh)
82, (You're Better) Than Ever ,or that i haven't been succeeding (ahh ahh ahh ahhhh)
83, (You're Better) Than Ever ,but i'm a hushed and quiet resonance (ah ah ah)
84, (You're Better) Than Ever ,when i wanted to be screaming
85, (You're Better) Than Ever ,ahhh!
86, (You're Better) Than Ever ,all day long i waited for my phone to ring
87, (You're Better) Than Ever ,i counted every glow star on my ceiling
88, (You're Better) Than Ever ,texted you a picture where you looked pretty and
89, (You're Better) Than Ever ,wondered if you saved the ones you had of me
90, (You're Better) Than Ever ,but i'm sure
91, (You're Better) Than Ever ,you must be better
92, (You're Better) Than Ever ,better than ever
93, (You're Better) Than Ever ,"oh, i'm sure"
94, (You're Better) Than Ever ,i could do better
102, Shape Of My Hands ,met you at that bar where your favourite bands play
103, Shape Of My Hands ,"could barely hear you, forgot to close my five drink tab"
104, Shape Of My Hands ,you couldn't stop talking 'bout the shape of my hands
105, Shape Of My Hands ,singing conor's songs at four in the morning
106, Shape Of My Hands ,while you were online shopping
107, Shape Of My Hands ,you said you need a better mattress
108, Shape Of My Hands ,"i said, ""i'm not staying long enough to see that"""
109, Shape Of My Hands ,are you still thinking about me?
110, Shape Of My Hands ,i know you are but i still wonder
111, Shape Of My Hands ,are you thinking about me?
112, Shape Of My Hands ,i know you are but i still wonder
113, Shape Of My Hands ,now i'm spendin' all my money at 7-eleven
114, Shape Of My Hands ,and sleeping through the weekends
115, Shape Of My Hands ,i tried to catch another fast glance
116, Shape Of My Hands ,but i'm so calculated and you don't make plans
117, Shape Of My Hands ,it's stupid
118, Shape Of My Hands ,i'm losing
119, Shape Of My Hands ,but you quote my lyrics every single night
120, Shape Of My Hands ,are you still thinking about me?
121, Shape Of My Hands ,i know you are but i still wonder
122, Shape Of My Hands ,are you thinking about me?
123, Shape Of My Hands ,i know you are but i still wonder
124, Shape Of My Hands ,you fucked her to the songs i showed you
125, Shape Of My Hands ,"called me after, bad and broken"
126, Shape Of My Hands ,searched yourself for who you were
127, Shape Of My Hands ,the line went dead but i'm still hopin'
128, Shape Of My Hands ,it's stupid
129, Shape Of My Hands ,i'm losin'
130, Shape Of My Hands ,but you quote my lyrics every single night
131, Shape Of My Hands ,are you still thinking about me?
132, Shape Of My Hands ,i know you are but i still wonder
133, Shape Of My Hands ,are you thinking about me?
134, Shape Of My Hands ,i know you are but i still wonder
135, Shape Of My Hands ,you remind me of something i scratched on a napkin
136, Shape Of My Hands ,"""it doesn't matter how many people love you"
137, Shape Of My Hands ,"all that matters is how one person loves you"""
138, Shape Of My Hands ,kissed me on the temple when you thought i was sleeping
139, Shape Of My Hands ,"and said, ""you are so..."""
140, Shape Of My Hands ,i never quite caught the last word
141, Shape Of My Hands ,but i'm sure it's the sweetest thing that i've ever not heard
149, Cuff ,see how the anger calmly crouches
150, Cuff ,in the beast's eyes
151, Cuff ,i've made a lot of friends with couches
152, Cuff ,on the east side
153, Cuff ,it takes a troubled type of freedom
154, Cuff ,to drink all night
155, Cuff ,if you already nailed the sequence
156, Cuff ,am i worth yr time
157, Cuff ,i cuff my t-shirt sleeves
158, Cuff ,and grit my teeth
159, Cuff ,how else can i tell myself i can do most anything?
160, Cuff ,i cuff my t-shirt sleeves
161, Cuff ,and grit my teeth
162, Cuff ,how else can i tell myself i can do most anything?
163, Cuff ,how else can i tell myself i can
164, Cuff ,come out and meet me on your day off and be candid
165, Cuff ,thank you for being cool and uncross
166, Cuff ,bout what my hands did or didn't
167, Cuff ,and i cuff my t-shirt sleeves
168, Cuff ,and grit my teeth
169, Cuff ,how else can i tell myself i can do most anything?
170, Cuff ,and you cuff my t-shirt sleeves
171, Cuff ,and kiss my cheeks
172, Cuff ,how else could you expect i could do most anything
173, Cuff ,how else could you expect that i can
181," For Cheez (My Friend, Not The Food) ",it's my twenty-fourth birthday
182," For Cheez (My Friend, Not The Food) ",it's the morning after my twenty-fourth birthday party
183," For Cheez (My Friend, Not The Food) ",and i been sleepin' in my car
184," For Cheez (My Friend, Not The Food) ","cheez, i, i'm so glad you called"
185," For Cheez (My Friend, Not The Food) ",'cause i haven't been honest
186," For Cheez (My Friend, Not The Food) ","well, i haven't been thinkin' honestly"
187," For Cheez (My Friend, Not The Food) ",i need somebody promising me
188," For Cheez (My Friend, Not The Food) ",facts aren't my fault
189," For Cheez (My Friend, Not The Food) ",'cause i was fallin' when you caught me
190," For Cheez (My Friend, Not The Food) ",was crawlin' and you brushed the gravel from my knees
191," For Cheez (My Friend, Not The Food) ","said, ""listen now if ever, please"
192," For Cheez (My Friend, Not The Food) ",nothin's written in bold or stone
193," For Cheez (My Friend, Not The Food) ",so confidence will keep you pointed towards your goals
194," For Cheez (My Friend, Not The Food) ","that's what matters, after all"
195," For Cheez (My Friend, Not The Food) ","sarah, please, keep in mind everything's temporary"""
196," For Cheez (My Friend, Not The Food) ","""on days we are shinin'"
197," For Cheez (My Friend, Not The Food) ",and on days we feel backwards remember this:
198," For Cheez (My Friend, Not The Food) ",the biggest life is always held in
199," For Cheez (My Friend, Not The Food) ","the brightest of eyes"""
200," For Cheez (My Friend, Not The Food) ",'cause i was fallin' when you caught me
201," For Cheez (My Friend, Not The Food) ",was crawlin' and you brushed the gravel from my knees
202," For Cheez (My Friend, Not The Food) ","said, ""listen now if ever, please"
203," For Cheez (My Friend, Not The Food) ",nothin's written in bold or stone
204," For Cheez (My Friend, Not The Food) ",so confidence will keep you pointed towards your goals
205," For Cheez (My Friend, Not The Food) ","that's what matters, after all"
206," For Cheez (My Friend, Not The Food) ","sarah, please, keep in mind everything's temporary"""
207," For Cheez (My Friend, Not The Food) ","""sarah, please, keep in mind everything's temporary"
208," For Cheez (My Friend, Not The Food) ",you'll be fine
209," For Cheez (My Friend, Not The Food) ","hey, let's grab a doughnut sometime"""
217, Paying Off The Happiness ,the zipper's broken on my favorite hoodie
218, Paying Off The Happiness ,at twenty-four i'm somehow making rookie mistakes
219, Paying Off The Happiness ,"like, just the other day i asked, ""could we kick it?"""
220, Paying Off The Happiness ,you looked away and kept your answer encrypted
221, Paying Off The Happiness ,i made a habit out of shuffling savings
222, Paying Off The Happiness ,and standing toe-to-toe i think we're faking it fine
223, Paying Off The Happiness ,i guess my invite was a spiritual error
224, Paying Off The Happiness ,a restitution via paypal and pressure
225, Paying Off The Happiness ,i could probably use a fourth job
226, Paying Off The Happiness ,i'm stuck with paying it all off
227, Paying Off The Happiness ,"mmm, i'm paying it all off"
228, Paying Off The Happiness ,"mmm, i'm paying it all off"
229, Paying Off The Happiness ,you said you hate it when i try and be funny
230, Paying Off The Happiness ,'cause every joke i make is comin' out runny and wrong
231, Paying Off The Happiness ,tried to apologize and put it on my tab
232, Paying Off The Happiness ,treated the friends you brought to stella and cognac
233, Paying Off The Happiness ,all this emotional debt's got me so lost
234, Paying Off The Happiness ,i'm stuck with paying it all off
235, Paying Off The Happiness ,"mmm, i'm paying it all off"
243, Patience ,patience is
244, Patience ,a painful gift
245, Patience ,what a shame to wait
246, Patience ,"and patience, you"
247, Patience ,aren't leaving any time soon
248, Patience ,sweatshirt off and bed unmade
249, Patience ,calm and cheerful
250, Patience ,"boy, you're giving me an earful"
251, Patience ,all about the rotten fits of haste
252, Patience ,"so patience, please"
253, Patience ,you've brought me to my knees
254, Patience ,fortitude and weakness both in spades
255, Patience ,my lesson's in the lines
256, Patience ,"time, we want more time"
257, Patience ,"time, we want more time"
258, Patience ,"patience claims, ""sleep it off for one more stale day"
259, Patience ,"in the morning wake up feelin' new"""
260, Patience ,but there's a mark on my neck
261, Patience ,it's the one your lips have left
262, Patience ,and it's beating softly with my pulse
263, Patience ,congruent to the shape
264, Patience ,of your swingin' home state
265, Patience ,a token of last night care of the midwest
266, Patience ,my lesson's in the lines
267, Patience ,"time, we want more time"
268, Patience ,"time, we want more time"
269, Patience ,and i'm damaged by design
270, Patience ,"time, we want more time"
271, Patience ,"time, we want more time"
272, Patience ,patience mentioned i was kind and well-intentioned
273, Patience ,although it might not come across that way
274, Patience ,"so thank your muse, share some gentle praise from me too"
275, Patience ,i'll be right here when she fades
283, The Rules ,i'm still inside his room
284, The Rules ,i'm plastered on his walls
285, The Rules ,i'm drippin' from his drawers
286, The Rules ,with a clumsy hand i cannot take what's mine
287, The Rules ,and turn the knob
288, The Rules ,i've grown too
289, The Rules ,sentimental
290, The Rules ,please grow too
291, The Rules ,and forget the rules
292, The Rules ,we could trace them on vacant pages
293, The Rules ,read them off 'til they make no sense
294, The Rules ,we could shoot to unfold the corners
295, The Rules ,but a memory's just a heedless child who skips rocks 'cross your head
296, The Rules ,and she tries to match your steps
297, The Rules ,'til she bails for better tread
298, The Rules ,and she bails for better
299, The Rules ,i've grown too
300, The Rules ,sentimental
301, The Rules ,please grow too
302, The Rules ,and forget the rules
303, The Rules ,he's still inside my room
304, The Rules ,he is written on the walls
305, The Rules ,in a font that is so familiar
306, The Rules ,with a clouded head i cannot comprehend his words at all
307, The Rules ,i can't read them at all
308, The Rules ,i can't read them at all
309, The Rules ,i can't read them at all
317, boi ,"boi, i wanna make you feel the same way that you feel when we're together"
318, boi ,"boi, i wanna take you by the collar, warm my nose up in this weather"
319, boi ,"boi, i wanna press my hand against your bathroom mirror"
320, boi ,"boi, i wanna watch you write each number and each letter"
321, boi ,"boi, i wanna shout your name so everyone can hear it"
322, boi ,"boi, i hear you whispering, ""it's right,"" while you're asleep"
1," will i get cancelled if i write a song called,  if you were a man you'd be so cancelled ",woo
2," will i get cancelled if i write a song called,  if you were a man you'd be so cancelled ",let's smash to a podcast
3," will i get cancelled if i write a song called,  if you were a man you'd be so cancelled ",tomorrow mornin' we're cryin' into a denny's grand slam
4," will i get cancelled if i write a song called,  if you were a man you'd be so cancelled ",of a kickback
5," will i get cancelled if i write a song called,  if you were a man you'd be so cancelled ","while you were pointing at me, saying that i was the bad man"
6," will i get cancelled if i write a song called,  if you were a man you'd be so cancelled ",i was so bad
7," will i get cancelled if i write a song called,  if you were a man you'd be so cancelled ","but i couldn't grasp, you were takin' your time"
8," will i get cancelled if i write a song called,  if you were a man you'd be so cancelled ",lightin' the gas lamp with a loose match
9," will i get cancelled if i write a song called,  if you were a man you'd be so cancelled ",a real inventive iconoclast
10," will i get cancelled if i write a song called,  if you were a man you'd be so cancelled ","if you were a man, you'd be so"
11," will i get cancelled if i write a song called,  if you were a man you'd be so cancelled ",big hops with my 'boks on
12," will i get cancelled if i write a song called,  if you were a man you'd be so cancelled ",can't even believe that i made it from kickin' my front lawn
13," will i get cancelled if i write a song called,  if you were a man you'd be so cancelled ",to a new jawn
14," will i get cancelled if i write a song called,  if you were a man you'd be so cancelled ",if only i was as good as everyone stayin' so calm
15," will i get cancelled if i write a song called,  if you were a man you'd be so cancelled ",you was so calm
16," will i get cancelled if i write a song called,  if you were a man you'd be so cancelled ",but i can't remember the last three months
17," will i get cancelled if i write a song called,  if you were a man you'd be so cancelled ",guess i am a profit prawn on a freckled palm
18," will i get cancelled if i write a song called,  if you were a man you'd be so cancelled ",but i'll be keepin' that one song
19," will i get cancelled if i write a song called,  if you were a man you'd be so cancelled ","if you were a man, you'd be so"
20," will i get cancelled if i write a song called,  if you were a man you'd be so cancelled ","if i was a man, i'd be sow"
21," will i get cancelled if i write a song called,  if you were a man you'd be so cancelled ","if you were a man, you'd be so"
22," will i get cancelled if i write a song called,  if you were a man you'd be so cancelled ",if i was a
30, free ppls ,"free peoples all over the place, there are no"
31, free ppls ,free peoples living any place i know of
32, free ppls ,free peoples in another location but the
33, free ppls ,free peoples hate the people who want to become
34, free ppls ,free
35, free ppls ,free
36, free ppls ,free
37, free ppls ,look at 'em
38, free ppls ,free
39, free ppls ,look at the sheeples in their feeding pasture while the
40, free ppls ,dutiful shepherd drives them harder and faster and the
41, free ppls ,stock boss is overcome with laughter 'cause he
42, free ppls ,sold everyone on marching blind to the rapture where they're
43, free ppls ,free
44, free ppls ,he eats for free
45, free ppls ,free
46, free ppls ,free
47, free ppls ,we
48, free ppls ,want to be free
49, free ppls ,we
50, free ppls ,want to be free
51, free ppls ,can't just do nothing all the time now
52, free ppls ,you know we're known for being too loud
53, free ppls ,'til too loud
54, free ppls ,gets shut down
62, freequent letdown ,"mm-hm, i'm always letting everyone down"
63, freequent letdown ,i'm always letting everyone know i'm down
64, freequent letdown ,"mm-hm, i'm always letting everyone down"
65, freequent letdown ,i'm always letting everyone know i'm down
66, freequent letdown ,mm-hm
67, freequent letdown ,(one-two-three go!)
68, freequent letdown ,i am no ceo
69, freequent letdown ,i'm not professional
70, freequent letdown ,i'm no bright edison
71, freequent letdown ,don't know a thing 'bout modern medicine
72, freequent letdown ,"mm-hm, i'm always letting everyone down"
73, freequent letdown ,i'm always letting everyone know i'm down
74, freequent letdown ,"mm-hm, i'm always letting everyone down"
75, freequent letdown ,i'm always letting everyone know i'm down
76, freequent letdown ,mm-hm
77, freequent letdown ,(four-five-six-six-six!)
78, freequent letdown ,i couldn't keep a job
79, freequent letdown ,tried to show up but i forgot
80, freequent letdown ,i couldn't keep a partner
81, freequent letdown ,'cause staying in touch is such a bummer
82, freequent letdown ,"mm-hm, i'm always letting everyone down"
83, freequent letdown ,i'm always letting everyone know i'm down
84, freequent letdown ,"mm-hm, i'm always letting everyone down"
85, freequent letdown ,i'm always letting everyone know i'm down
86, freequent letdown ,mm-hm
87, freequent letdown ,"mm-hm, i'm always letting everyone down"
88, freequent letdown ,i'm always letting everyone know i'm down
89, freequent letdown ,"mm-hm, i'm always letting everyone down"
90, freequent letdown ,i'm always letting everyone know i'm down
91, freequent letdown ,mm-hm
99, melatonezone ,your number one goat
100, melatonezone ,your backwards anthem
101, melatonezone ,you've got to go rogue
102, melatonezone ,before you go platinum
103, melatonezone ,(uh-huh)
104, melatonezone ,sticking a toothpick into my thigh like
105, melatonezone ,"kidding myself that i'm still alive, i'm"
106, melatonezone ,"taking a bite of commercial pie, you're"
107, melatonezone ,living it up while i ask politely
108, melatonezone ,what do you do when
109, melatonezone ,you wake up goopy from a melatoney engine?
110, melatonezone ,barely keeping you chugging
111, melatonezone ,with all the wrong intentions
112, melatonezone ,my fighter pilot
113, melatonezone ,my takeoff title
114, melatonezone ,could you cool your heels
115, melatonezone ,for one more cycle?
116, melatonezone ,(uh-huh)
117, melatonezone ,holding a fat roll of paper towel but
118, melatonezone ,wiping my nose on the sleeve of your blouse
119, melatonezone ,calling the suits for a record recount
120, melatonezone ,saying you cried but you're laughing out loud
121, melatonezone ,what do you do when
122, melatonezone ,you wake up goopy from a melatoney engine?
123, melatonezone ,barely keeping you chugging
124, melatonezone ,in all the wrong directions
125, melatonezone ,so you shift and you shake
126, melatonezone ,all the slim and slimy friendships
127, melatonezone ,in the odds that some clout
128, melatonezone ,"seekers slide into your mentions, ah, ah"
129, melatonezone ,so what do you do when-
137, WATTBL ,creeping crawlers
138, WATTBL ,flying saucers
139, WATTBL ,i just saw their
140, WATTBL ,property has been released
141, WATTBL ,(so!)
142, WATTBL ,someone's lying
143, WATTBL ,caught 'em filing
144, WATTBL ,crooked finance
145, WATTBL ,all your things for 17 bucks a week
146, WATTBL ,you set the hard line
147, WATTBL ,"""what a time, what a time!"""
148, WATTBL ,you set the hard line
149, WATTBL ,"""what a time, what a time!"""
150, WATTBL ,la mystics
151, WATTBL ,sang me secrets
152, WATTBL ,i'm forgiving
153, WATTBL ,i forgiving all my shit away
154, WATTBL ,"mom, i'm on it"
155, WATTBL ,let's be honest
156, WATTBL ,since last august
157, WATTBL ,i could barely keep my sight line straight
158, WATTBL ,you set the hard line
159, WATTBL ,"""what a time, what a time!"""
160, WATTBL ,you set the hard line
161, WATTBL ,"""what a time, what a time!"""
162, WATTBL ,so i'll sign the lame line
163, WATTBL ,"""what a time, what a time!"""
164, WATTBL ,so i'll sign the lame line
165, WATTBL ,"""what a time, what a time!"""
166, WATTBL ,"oh, what a time!"
174, free dumb ,while the world burns
175, free dumb ,how could you care about a fucking record?
176, free dumb ,empty turntables
177, free dumb ,to polish off the fucking decade
178, free dumb ,there was no love lost until you deemed that i was non-essential
179, free dumb ,i guess it's my fault for being good at something sentimental
180, free dumb ,ooh
181, free dumb ,ooh
182, free dumb ,ooh
183, free dumb ,ooh
184, free dumb ,ooh
185, free dumb ,ooh
186, free dumb ,ooh
187, free dumb ,ooh
1, Declutter ,cull the cardboard from the floor
2, Declutter ,i don't love you anymore
3, Declutter ,"lift each penny, the structure"
4, Declutter ,twice a season i try and declutter
5, Declutter ,i sift the sediment from the rocky grave
6, Declutter ,i can't tell you when i stopped feeling the same
7, Declutter ,i mailed the remnants to a friend
8, Declutter ,wrote a phony name in the return address
9, Declutter ,i don't care anymore
10, Declutter ,"thrift shop, goodwill store"
11, Declutter ,i don't care
12, Declutter ,or need it anymore
13, Declutter ,mark the hours by my meals
14, Declutter ,each decision's got me dragging my heels
15, Declutter ,speak in only past tense
16, Declutter ,shoulder to shoulder and shaking our heads
17, Declutter ,i don't care anymore
18, Declutter ,"thrift shop, goodwill store"
19, Declutter ,i don't care
20, Declutter ,or need it anymore
21, Declutter ,"""hey, um, sorry if you're sleeping... i have some good news for you, so. um, i'm gonna go to sleep now, but, um, i was hoping to hear your voice. thinking of you. have a good night."""
29, Pool Hopping ,danger! ripper!
30, Pool Hopping ,"in every life, there is a bell"
31, Pool Hopping ,one rounded curve of time or tell
32, Pool Hopping ,"i'm on the left half looking over, over, over, uh-huh"
33, Pool Hopping ,dip in a toe into the deep end
34, Pool Hopping ,obtusely waving at a new friend
35, Pool Hopping ,"they said the water's warm, but i'm not sure if you and i are-"
36, Pool Hopping ,"over, over, over, so i'm-"
37, Pool Hopping ,pool hoppin'!
38, Pool Hopping ,window shoppin'
39, Pool Hopping ,night vision
40, Pool Hopping ,indecision
41, Pool Hopping ,pool hoppin'!
42, Pool Hopping ,window shoppin'
43, Pool Hopping ,stealth make-out
44, Pool Hopping ,breakfast takeout
45, Pool Hopping ,spittin' my teeth into their hand
46, Pool Hopping ,you're twisted like an ampersand
47, Pool Hopping ,stuck in the hotel one block-
48, Pool Hopping ,"over, over, over, uh-huh"
49, Pool Hopping ,squeezin' a melty scoop of ice cream
50, Pool Hopping ,i let it drip across your backseat
51, Pool Hopping ,"guess i could wipe it up, but i ask you if maybe you'd pull-"
52, Pool Hopping ,"over, over, over, now i'm-"
53, Pool Hopping ,pool hoppin'!
54, Pool Hopping ,window shoppin'
55, Pool Hopping ,off hours
56, Pool Hopping ,buzz the tower
57, Pool Hopping ,pool hoppin'!
58, Pool Hopping ,window shoppin'
59, Pool Hopping ,clean rebound
60, Pool Hopping ,peanut butter mouth
61, Pool Hopping ,pool hoppin'!
62, Pool Hopping ,window shoppin'
63, Pool Hopping ,all rip'rs
64, Pool Hopping ,no more skip'rs
65, Pool Hopping ,pool hoppin'!
66, Pool Hopping ,window shoppin'
67, Pool Hopping ,so spaced out
68, Pool Hopping ,breakfast takeout
76, Knead ,hey (you a) gremlin power box
77, Knead ,you take in a beat while you scour the slots
78, Knead ,the conventional upends easy
79, Knead ,so pull on a plug while you're bored and you're cleanly
80, Knead ,licking the edge of a cupcake
81, Knead ,you point to my neck and i point to your plate
82, Knead ,now normally i'd be heated
83, Knead ,but this time it seems like you need it
84, Knead ,knead
85, Knead ,pouring my sludge down the sink drain
86, Knead ,sweepin' the crumbs of the graceful and grain
87, Knead ,while you arranged your hands into an eagle
88, Knead ,and left the outline on the thigh of my jeans
89, Knead ,knead
90, Knead ,aha! yo-o!
91, Knead ,knead
99, Threatening Each Other re: Capitalism ,to make it to the party
100, Threatening Each Other re: Capitalism ,we got all tweaked on coffee
101, Threatening Each Other re: Capitalism ,"we're up 'til morning, ahh"
102, Threatening Each Other re: Capitalism ,cross-legged on your mattress
103, Threatening Each Other re: Capitalism ,we're practicing our death threats
104, Threatening Each Other re: Capitalism ,"hold-your-breath contest, ahh"
105, Threatening Each Other re: Capitalism ,i'm sorry 'bout my mood swings
106, Threatening Each Other re: Capitalism ,"i promise, i wanna do the party"
107, Threatening Each Other re: Capitalism ,to suck on air from people having fun
108, Threatening Each Other re: Capitalism ,but even on the good trees
109, Threatening Each Other re: Capitalism ,it feels like i am dying
110, Threatening Each Other re: Capitalism ,"so i tried e-weed, ahh"
111, Threatening Each Other re: Capitalism ,the corner store is selling spit
112, Threatening Each Other re: Capitalism ,bottled up for profit
113, Threatening Each Other re: Capitalism ,i can't believe i'm buying in
114, Threatening Each Other re: Capitalism ,isn't that genius?
115, Threatening Each Other re: Capitalism ,maybe before the year ends
116, Threatening Each Other re: Capitalism ,i'll catch up on fashion
117, Threatening Each Other re: Capitalism ,would you look at what i'm wearing? ahh
118, Threatening Each Other re: Capitalism ,but if you're not too embarrassed
119, Threatening Each Other re: Capitalism ,of how i go out in public
120, Threatening Each Other re: Capitalism ,do you think that we could make a deli run?
121, Threatening Each Other re: Capitalism ,the corner store is selling spit
122, Threatening Each Other re: Capitalism ,bottled up for profit
123, Threatening Each Other re: Capitalism ,i can't believe i'm buying in
124, Threatening Each Other re: Capitalism ,isn't that genius?
125, Threatening Each Other re: Capitalism ,you didn't know it
126, Threatening Each Other re: Capitalism ,but i think i'm trying to blow this
127, Threatening Each Other re: Capitalism ,i loved you best under fluorescent lights
128, Threatening Each Other re: Capitalism ,i'm getting tricked into
129, Threatening Each Other re: Capitalism ,long-term commitments
130, Threatening Each Other re: Capitalism ,and lay-away plans financing my life
131, Threatening Each Other re: Capitalism ,my mouth is dry
132, Threatening Each Other re: Capitalism ,the corner store's got sugar pills
133, Threatening Each Other re: Capitalism ,to settle our consumer guilt
134, Threatening Each Other re: Capitalism ,"once you're hooked, they'll cut a deal"
135, Threatening Each Other re: Capitalism ,the farmers' market's got this stand
136, Threatening Each Other re: Capitalism ,they say they'll cut your fruit in half
137, Threatening Each Other re: Capitalism ,"it saves you sweat, but your haul rots fast"
138, Threatening Each Other re: Capitalism ,"now, twice a week, you're hauling back"
139, Threatening Each Other re: Capitalism ,shit
140, Threatening Each Other re: Capitalism ,isn't that genius?
148, u v v p ,abbreviate when you're running late
149, u v v p ,i've found that shortening the phrase
150, u v v p ,can save you hours in the day
151, u v v p ,"so i'll stay on my toes, telling anecdotes"
152, u v v p ,about how you take off your clothes
153, u v v p ,and how it looks like it's in slow-mo
154, u v v p ,every time i hear a song
155, u v v p ,i think about you dancing
156, u v v p ,every time i meet someone
157, u v v p ,i fall in love
158, u v v p ,but i don't wanna hide you
159, u v v p ,i don't wanna hide too
160, u v v p ,i don't wanna hide you
161, u v v p ,i don't wanna hide too
162, u v v p ,what hurts? it's hot keeping us on lock
163, u v v p ,and you still snag me stolen guava from
164, u v v p ,a tree right down the block
165, u v v p ,you know that every time i'm on my own
166, u v v p ,i'm wishing we were dancing
167, u v v p ,every time you meet someone
168, u v v p ,"you call me up, shouting"
169, u v v p ,i don't wanna hide you
170, u v v p ,i don't wanna hide too
171, u v v p ,i don't wanna hide you
172, u v v p ,i don't wanna hide too
173, u v v p ,i don't wanna hide you (i don't wanna hide you)
174, u v v p ,i don't wanna hide too (i don't wanna hide too)
175, u v v p ,i don't wanna hide you (i don't wanna hide you)
176, u v v p ,i don't wanna hide too (i don't wanna hide too)
177, u v v p ,i've never felt so sorry
178, u v v p ,"well, darlin', here we are"
179, u v v p ,at the end of all things
180, u v v p ,"with a heaviness in my heart, i must admit"
181, u v v p ,i've dug us both a hollow ditch
182, u v v p ,i've never felt so sorry
183, u v v p ,"you know, previously i'd been cutting a quick path"
184, u v v p ,along a lonesome desert road
185, u v v p ,a road along which i was standing swan
186, u v v p ,to find a love so sweet on me
187, u v v p ,i've never felt so sorry
188, u v v p ,so if you can summon the goodwill to forgive (sorry)
189, u v v p ,forgive this bad old plum rattling loose in a barking iron
190, u v v p ,i've been known to have too much tumbleweed in my blood to ever settle down but
191, u v v p ,but i'm not yet ready to get to bed
192, u v v p ,"well, there ain't nothing i'd like more than to take you dancing"
193, u v v p ,just one very last time
201, Protector ,"i am not sure that you're my screen door, honey"
202, Protector ,keeping the bugs out humbly
203, Protector ,looking leaner and latticed
204, Protector ,"maintain a temperate status in the sunlight, dumpling"
205, Protector ,i am not sure that you're my superstition
206, Protector ,eyelash with one whole wish in
207, Protector ,it was a light on your cheekbone
208, Protector ,i couldn't tell what i asked for even if you were listening still
209, Protector ,protector
210, Protector ,protector
211, Protector ,i am not sure that you're my nightly news
212, Protector ,reporting local untruths
213, Protector ,you had one hell of a headline
214, Protector ,with no detailing the body but you kept me glued
215, Protector ,protector
216, Protector ,protector
1, Joni: LA's No. 1 Health Goth ,"""hello, the program you are about to watch is a special presentation brought to you by ihtv's public broadcasting network"
2, Joni: LA's No. 1 Health Goth ,"this program was made possible by the efforts of illuminati hotties corporation, and contributions from little shredders like you. thank you!"""
3, Joni: LA's No. 1 Health Goth ,you wish
4, Joni: LA's No. 1 Health Goth ,you were
5, Joni: LA's No. 1 Health Goth ,like her
6, Joni: LA's No. 1 Health Goth ,like her
7, Joni: LA's No. 1 Health Goth ,joni is a punk babe
8, Joni: LA's No. 1 Health Goth ,joni is the second wave
9, Joni: LA's No. 1 Health Goth ,joni is a black jean jacket
10, Joni: LA's No. 1 Health Goth ,joni's in the first band
11, Joni: LA's No. 1 Health Goth ,joni has a cool hand
12, Joni: LA's No. 1 Health Goth ,joni knows the problem is systematic
13, Joni: LA's No. 1 Health Goth ,joni cut the tour line
14, Joni: LA's No. 1 Health Goth ,joni doesn't have time
15, Joni: LA's No. 1 Health Goth ,joni likes to dart on stage
16, Joni: LA's No. 1 Health Goth ,joni's on a juice cleanse
17, Joni: LA's No. 1 Health Goth ,joni doesn't need friends
18, Joni: LA's No. 1 Health Goth ,cause joni's got the whole room trained
19, Joni: LA's No. 1 Health Goth ,you wish
20, Joni: LA's No. 1 Health Goth ,you were
21, Joni: LA's No. 1 Health Goth ,like her
22, Joni: LA's No. 1 Health Goth ,like her
23, Joni: LA's No. 1 Health Goth ,i bet she never looks your way
24, Joni: LA's No. 1 Health Goth ,i bet she never looks your way
25, Joni: LA's No. 1 Health Goth ,i bet she never cared
26, Joni: LA's No. 1 Health Goth ,i bet she never cared
27, Joni: LA's No. 1 Health Goth ,i bet she never cared about you
28, Joni: LA's No. 1 Health Goth ,you wish
29, Joni: LA's No. 1 Health Goth ,you were
30, Joni: LA's No. 1 Health Goth ,like her
31, Joni: LA's No. 1 Health Goth ,like her
32, Joni: LA's No. 1 Health Goth ,when joni's on a first date
33, Joni: LA's No. 1 Health Goth ,joni goes to third base
34, Joni: LA's No. 1 Health Goth ,and when you wake up joni's long gone
35, Joni: LA's No. 1 Health Goth ,now joni's at the desert house where only joni sings loud
36, Joni: LA's No. 1 Health Goth ,cause joni never wrote a bad song
37, Joni: LA's No. 1 Health Goth ,you wish
38, Joni: LA's No. 1 Health Goth ,you were
39, Joni: LA's No. 1 Health Goth ,like her
40, Joni: LA's No. 1 Health Goth ,i bet she never looks your way
41, Joni: LA's No. 1 Health Goth ,i bet she never looks your way
42, Joni: LA's No. 1 Health Goth ,i bet she never cared
43, Joni: LA's No. 1 Health Goth ,i bet she never cared
44, Joni: LA's No. 1 Health Goth ,i bet she never cared about you
45, Joni: LA's No. 1 Health Goth ,joni's got a brand new mullet
46, Joni: LA's No. 1 Health Goth ,fast and cool as a silver bullet
47, Joni: LA's No. 1 Health Goth ,and she's on your couch
48, Joni: LA's No. 1 Health Goth ,and she wants you to pull it!
49, Joni: LA's No. 1 Health Goth ,i bet she never looks your way
50, Joni: LA's No. 1 Health Goth ,i bet she never looks your way
51, Joni: LA's No. 1 Health Goth ,i bet she never cared
52, Joni: LA's No. 1 Health Goth ,i bet she never cared
53, Joni: LA's No. 1 Health Goth ,i bet she never cared about you
54, Joni: LA's No. 1 Health Goth ,you wish
55, Joni: LA's No. 1 Health Goth ,you were
56, Joni: LA's No. 1 Health Goth ,like her
57, Joni: LA's No. 1 Health Goth ,like her
65, Kickflip ,i got a slice in my bed
66, Kickflip ,i got my heart in my head
67, Kickflip ,i got the impending dread
68, Kickflip ,i got the magical thread
69, Kickflip ,i lost the keys to the van
70, Kickflip ,i lost my man to my mans
71, Kickflip ,i lost a leg in the sand
72, Kickflip ,i bought the grocery store brand
73, Kickflip ,i took a ticket to die
74, Kickflip ,i took the heart of a spy
75, Kickflip ,i took your terrible try
76, Kickflip ,i took ya...
77, Kickflip ,i am a get-up-and-go
78, Kickflip ,i slam a topo chico
79, Kickflip ,i left with such a lame soul
80, Kickflip ,you gotta get up and go
81, Kickflip ,now all the coffee is hot
82, Kickflip ,while you were chewing your slot
83, Kickflip ,i can't believe that you saw that time i landed a kickflip
84, Kickflip ,when every day is the same
85, Kickflip ,when every day is the same
86, Kickflip ,when i am tired and strange
87, Kickflip ,when every day is the same
88, Kickflip ,every day is the same
89, Kickflip ,when every day is the same
90, Kickflip ,when i am tired and strange
91, Kickflip ,when every day is the same
99, Toasting ,toasting a pop-tart and thinking of you
100, Toasting ,there's a lot i'd rather do
101, Toasting ,instead i'm biting my lip
102, Toasting ,and i'm biting yours too
103, Toasting ,till the blood tastes like chocolate goo
104, Toasting ,our bodies are twirlin'
105, Toasting ,the kitchen is burning
106, Toasting ,and we both choked down the ashes
107, Toasting ,you mention you're bored
108, Toasting ,i guess i could've toasted more
116, The Sway ,stick shift and a boatload of brio
117, The Sway ,counting every day we non-zeroed
118, The Sway ,caught sifting through our clothes on the way home
119, The Sway ,soft split a borrowed twelve of modelo with me
120, The Sway ,had some discourse on the nuance and confusion
121, The Sway ,'bout the difference between your lovers and your muses
122, The Sway ,"i can't help the way that i've been cruising, but"
123, The Sway ,please share all your stains and your bruises with me
124, The Sway ,you're leaning in
125, The Sway ,i'm leaning away
126, The Sway ,you think you could love me through the sway?
127, The Sway ,post that can't help but bite on your lower lip
128, The Sway ,i slept while you were twirling an e-cig
129, The Sway ,takes gumption to be brave and empathic
130, The Sway ,made sense to get your confidence polished with me
131, The Sway ,you're leaning in
132, The Sway ,i'm leaning away
133, The Sway ,you think that you could love me through the sway?
134, The Sway ,you could love me through the sway?
135, The Sway ,and this is all that matters
136, The Sway ,the kitty-corner patterns
137, The Sway ,our favorite friends' catchphrases
138, The Sway ,the flat collage of faces
139, The Sway ,and when you fell from my mouth
140, The Sway ,crashed on the corduroy couch
141, The Sway ,you couldn't bear to bring me downstairs in the morning
142, The Sway ,i'm leaning in
143, The Sway ,you're leaning away
144, The Sway ,you think that you could love me through the sway?
145, The Sway ,you could love me through the sway?
146, The Sway ,you could love me through the sway?
154, Cheap Shoes ,get cheap shoes
155, Cheap Shoes ,'cause you wear them through
156, Cheap Shoes ,and i know you wanna wear mine too
157, Cheap Shoes ,print the bad news in your zine
158, Cheap Shoes ,consult the o.e.d
159, Cheap Shoes ,and brush up on hypocrisy
160, Cheap Shoes ,one side empty and one side dry
161, Cheap Shoes ,i'll drink the way you'll die
162, Cheap Shoes ,to report back on afterlife
163, Cheap Shoes ,get cheap shoes
164, Cheap Shoes ,'cause you wear them through
165, Cheap Shoes ,and i know you wanna wear mine too
166, Cheap Shoes ,never thought i'd grow attached
167, Cheap Shoes ,but now our sneakers match
168, Cheap Shoes ,and one of us always feels bad
169, Cheap Shoes ,took the shortcut when i split
170, Cheap Shoes ,guess i got rocks to kick and kid i am an idiot
171, Cheap Shoes ,get cheap shoes
172, Cheap Shoes ,'cause you wear them through
173, Cheap Shoes ,and i know you wanna wear mine too
174, Cheap Shoes ,get cheap shoes
175, Cheap Shoes ,'cause you wear them through
176, Cheap Shoes ,and i know you wanna wear mine too
177, Cheap Shoes ,get cheap shoes
178, Cheap Shoes ,'cause you wear them through
179, Cheap Shoes ,and i know you wanna wear mine too
187, Growth ,i have been careful for all of my years
188, Growth ,i tried not to move too much of your hair
189, Growth ,did you find it endearing?
190, Growth ,hesitance so sincere
191, Growth ,but you treated me like a company jet
192, Growth ,took me a few times on luxurious spins
193, Growth ,cashed in on amenities and bragged to your friends
194, Growth ,but it's not like they care
195, Growth ,they're so wrapped in themselves
196, Growth ,like the news stand on hillhurst
197, Growth ,all the gossip and wealth
198, Growth ,you're so used to the ignorance of the apathetic
199, Growth ,each time i come home
200, Growth ,i still look for my dog
201, Growth ,it's a force of old habit
202, Growth ,it's not that i forgot
203, Growth ,for a second i'm alright
204, Growth ,'till i realize she's gone
205, Growth ,i guess being an adult is just being alone
206, Growth ,"i'll go back to the couch, let you stare at your phone"
207, Growth ,we'll pretend this is normal
208, Growth ,we'll pretend this is growth
209, Growth ,"uh, let me do one more"
217, Can't Be Still ,i can't be still
218, Can't Be Still ,i can't be still
219, Can't Be Still ,i can't be still
220, Can't Be Still ,i can't be
221, Can't Be Still ,a power lunch
222, Can't Be Still ,i take my calls in the car
223, Can't Be Still ,i pack a punch
224, Can't Be Still ,a firm handshake can take you so far
225, Can't Be Still ,i'm a rush
226, Can't Be Still ,"i'm double speed, straight to your head"
227, Can't Be Still ,the perfect stunt
228, Can't Be Still ,begging for bedlam on the reg
229, Can't Be Still ,i can't be still
230, Can't Be Still ,i can't be still
231, Can't Be Still ,i can't be still
232, Can't Be Still ,i can't be
233, Can't Be Still ,i can't be still
234, Can't Be Still ,i can't be still
235, Can't Be Still ,i can't be still
236, Can't Be Still ,i can't be
237, Can't Be Still ,"ah, ah, ah"
238, Can't Be Still ,"oh, when things are moving too slow"
239, Can't Be Still ,"ah, ah, ah"
240, Can't Be Still ,"oh, got places i wanna go"
241, Can't Be Still ,"ah, ah, ah"
242, Can't Be Still ,"oh, oh, oh, i can't be alone now"
243, Can't Be Still ,show me how
244, Can't Be Still ,an adderall
245, Can't Be Still ,i keep my focus on the brain
246, Can't Be Still ,i'm a ball
247, Can't Be Still ,can hardly keep my laughter contained
248, Can't Be Still ,bring it on
249, Can't Be Still ,i triple-book my saturdays
250, Can't Be Still ,but i pretend
251, Can't Be Still ,my program keeps me from freaking
252, Can't Be Still ,out
253, Can't Be Still ,"oh, when things are moving too slow"
254, Can't Be Still ,"ah, ah, ah"
255, Can't Be Still ,"oh, got places i wanna go"
256, Can't Be Still ,"ah, ah, ah"
257, Can't Be Still ,"oh, oh, oh, i can't be alone now"
258, Can't Be Still ,show me how
259, Can't Be Still ,i can't be still
260, Can't Be Still ,i can't be still
261, Can't Be Still ,i can't be still
262, Can't Be Still ,i can't be
263, Can't Be Still ,i can't be still
264, Can't Be Still ,i can't be still
265, Can't Be Still ,i can't be still
266, Can't Be Still ,i can't be
274," I Would Like, Still Love You ",if you came to murder me one night in my sleep
275," I Would Like, Still Love You ","i would like, still"
276," I Would Like, Still Love You ",love you
277," I Would Like, Still Love You ",and if you came to burn down my house while i was out
278," I Would Like, Still Love You ","i would like, still"
279," I Would Like, Still Love You ",love you
280," I Would Like, Still Love You ",if you threw a drink in my face to prove i'm wrong
281," I Would Like, Still Love You ","i would like, still"
282," I Would Like, Still Love You ",love you
283," I Would Like, Still Love You ","if you looked away and said, ""this is the last time"""
284," I Would Like, Still Love You ","i would like, still"
285," I Would Like, Still Love You ",love you
286," I Would Like, Still Love You ",every days a blessing
287," I Would Like, Still Love You ",every days a problem
288," I Would Like, Still Love You ",every day is messy
289," I Would Like, Still Love You ",every day i'm solving you
290," I Would Like, Still Love You ",still love you
291," I Would Like, Still Love You ",still love you
292," I Would Like, Still Love You ","i would like, still love you"
293," I Would Like, Still Love You ",if you slash a knife through my tire id be stuck
294," I Would Like, Still Love You ","but i would like, still"
295," I Would Like, Still Love You ",love you
296," I Would Like, Still Love You ",if you drill a hole through my hard drive don't worry i'm backed up and still...
297," I Would Like, Still Love You ",i love you
298," I Would Like, Still Love You ",still love you
299," I Would Like, Still Love You ",still love you
300," I Would Like, Still Love You ","i would like, still love you"
301," I Would Like, Still Love You ",when you
302," I Would Like, Still Love You ",ignore me
303," I Would Like, Still Love You ",my heart
304," I Would Like, Still Love You ",is soaring
305," I Would Like, Still Love You ",i cannot
306," I Would Like, Still Love You ",name a way
307," I Would Like, Still Love You ",you could ever fall from grace
308," I Would Like, Still Love You ",unless of course you ever say
309," I Would Like, Still Love You ",that you don't think of me that way
310," I Would Like, Still Love You ",but if you told all of our friends that i hated them
311," I Would Like, Still Love You ","i would like, still"
312," I Would Like, Still Love You ",love you
313," I Would Like, Still Love You ",and you can't look me in the eye and truthfully tell me that you don't
314," I Would Like, Still Love You ",love me too
315," I Would Like, Still Love You ",still love you
316," I Would Like, Still Love You ",i would like still love you
324, Throw (Life Raft) ,see
325, Throw (Life Raft) ,the starboard solo
326, Throw (Life Raft) ,be the brightest burnout
327, Throw (Life Raft) ,you see
328, Throw (Life Raft) ,i'm unreliable
329, Throw (Life Raft) ,i'm dropping everything
330, Throw (Life Raft) ,i'm dropping what i'm doing
331, Throw (Life Raft) ,to be
332, Throw (Life Raft) ,above
333, Throw (Life Raft) ,to throw
334, Throw (Life Raft) ,your love
335, Throw (Life Raft) ,a life raft
336, Throw (Life Raft) ,an artifact
337, Throw (Life Raft) ,to slice
338, Throw (Life Raft) ,the fuzz
339, Throw (Life Raft) ,to throw
340, Throw (Life Raft) ,your love
341, Throw (Life Raft) ,a life raft
342, Throw (Life Raft) ,but would you laugh
343, Throw (Life Raft) ,at me
344, Throw (Life Raft) ,i'm always falling behind
345, Throw (Life Raft) ,so i
346, Throw (Life Raft) ,sit back
347, Throw (Life Raft) ,soft in the middle
348, Throw (Life Raft) ,i'm taking my time
349, Throw (Life Raft) ,please
350, Throw (Life Raft) ,you know i'm falling behind
351, Throw (Life Raft) ,come on
352, Throw (Life Raft) ,sit back
353, Throw (Life Raft) ,soft in the middle
354, Throw (Life Raft) ,and take your time
355, Throw (Life Raft) ,i think of you often
356, Throw (Life Raft) ,i think of fondly
357, Throw (Life Raft) ,"i think, if you wanted me"
358, Throw (Life Raft) ,i'd drop everything
359, Throw (Life Raft) ,i'd drop what i'm doing
360, Throw (Life Raft) ,to be
361, Throw (Life Raft) ,above
362, Throw (Life Raft) ,to throw
363, Throw (Life Raft) ,your love
364, Throw (Life Raft) ,a life raft
365, Throw (Life Raft) ,with a note attached
366, Throw (Life Raft) ,from me
367, Throw (Life Raft) ,i'm always one step behind
368, Throw (Life Raft) ,so i
369, Throw (Life Raft) ,sit back
370, Throw (Life Raft) ,soft in the middle
371, Throw (Life Raft) ,i'm taking my time
372, Throw (Life Raft) ,please
373, Throw (Life Raft) ,i'm only one step behind
374, Throw (Life Raft) ,come on
375, Throw (Life Raft) ,sit back
376, Throw (Life Raft) ,soft in the middle
377, Throw (Life Raft) ,and take your time
1, Rot ,sunk in a
2, Rot ,a morning pure
3, Rot ,learning that
4, Rot ,there's no cure
5, Rot ,i knew when
6, Rot ,i first heard
7, Rot ,you're shattered
8, Rot ,that i'm sure
9, Rot ,covered in fog
10, Rot ,i'm carrying on
11, Rot ,it's impossible
12, Rot ,to carry it all
13, Rot ,when i'm dropping the ball
14, Rot ,living is optional
15, Rot ,name unknown
16, Rot ,hammered into the stone
17, Rot ,so let me alone
18, Rot ,let me alone
19, Rot ,chop down the
20, Rot ,deadly forest
21, Rot ,mycelium
22, Rot ,exploring
23, Rot ,fixated
24, Rot ,on the root rot
25, Rot ,start fresh
26, Rot ,and clear the whole lot
27, Rot ,covered in fog
28, Rot ,i'm carrying on
29, Rot ,it's impossible
30, Rot ,to carry it all
31, Rot ,when i'm dropping the ball
32, Rot ,living is optional
33, Rot ,name unknown
34, Rot ,hammered into the stone
35, Rot ,so let me alone
36, Rot ,let me alone
37, Rot ,keep it up
38, Rot ,you've been so tough i
39, Rot ,hate my gut
40, Rot ,but i've been wrong
41, Rot ,covered in fog
42, Rot ,you're carrying on
43, Rot ,it's impossible
44, Rot ,to carry it all
45, Rot ,when i'm dropping the ball
46, Rot ,living is optional
47, Rot ,name unknown
48, Rot ,hammered into the stone
49, Rot ,so let me alone
50, Rot ,let me alone
58, Falling In Love With Somebody Better ,i'm falling in love with somebody better
59, Falling In Love With Somebody Better ,i'm finding myself in the drawers of her dresser
60, Falling In Love With Somebody Better ,she wants what i want
61, Falling In Love With Somebody Better ,so i won't upset her
62, Falling In Love With Somebody Better ,i wish that you had met her
63, Falling In Love With Somebody Better ,"i say, ""i'm doing ok"""
64, Falling In Love With Somebody Better ,like i'm trying to convince her
65, Falling In Love With Somebody Better ,she's pulling each word out of me like a splinter
66, Falling In Love With Somebody Better ,i cave from the weight of her easy pressure
67, Falling In Love With Somebody Better ,i wish that you had met her
68, Falling In Love With Somebody Better ,i've fallen in love with someone better
69, Falling In Love With Somebody Better ,all black on a summer serpent path
70, Falling In Love With Somebody Better ,trudging behind your tracks
71, Falling In Love With Somebody Better ,when you said
72, Falling In Love With Somebody Better ,"""forget that, i got nothing to turn it back"""
73, Falling In Love With Somebody Better ,now i wish you could see me better
74, Falling In Love With Somebody Better ,i can be cold
75, Falling In Love With Somebody Better ,i'm as hard as acceptance
76, Falling In Love With Somebody Better ,running up tabs and denying the past tense
77, Falling In Love With Somebody Better ,i'm pouring in salt and she's getting sweeter
78, Falling In Love With Somebody Better ,i wish that you could meet her
79, Falling In Love With Somebody Better ,she looks like a pistol but kicks like a shotgun
80, Falling In Love With Somebody Better ,fresh as the morning when i'm so rotten
81, Falling In Love With Somebody Better ,i wanted to lie if i'm being honest
82, Falling In Love With Somebody Better ,i love her but i'm stupid
83, Falling In Love With Somebody Better ,if you were around i'd introduce you
84, Falling In Love With Somebody Better ,all black on a boot hill plot of grass
85, Falling In Love With Somebody Better ,trudging your faded tracks
86, Falling In Love With Somebody Better ,wish i could
87, Falling In Love With Somebody Better ,"forget that, i got nothing to turn it back"
88, Falling In Love With Somebody Better ,and i want you to see me better
89, Falling In Love With Somebody Better ,i'm falling in love with somebody better
90, Falling In Love With Somebody Better ,falling in love with somebody better
91, Falling In Love With Somebody Better ,falling in love with somebody better
92, Falling In Love With Somebody Better ,i'm falling in love with somebody
93, Falling In Love With Somebody Better ,i'm falling in love with somebody better
94, Falling In Love With Somebody Better ,falling in love with somebody better
95, Falling In Love With Somebody Better ,falling in love with somebody better
96, Falling In Love With Somebody Better ,i wish that you had met her
104, The L ,i'm irritated
105, The L ,clench my jaw and tell a lie
106, The L ,but i know that you're patient
107, The L ,muscle through my rotten vibe
108, The L ,feel like
109, The L ,fallin'
110, The L ,think i
111, The L ,got this
112, The L ,ok ok ok
113, The L ,i love you more today
114, The L ,forget the things i said
115, The L ,i'll take the l instead
116, The L ,impossibly tough
117, The L ,can't control my speaking spell
118, The L ,you know i'm stubborn enough
119, The L ,to give it up or give 'em hell
120, The L ,think i
121, The L ,got this
122, The L ,ok ok ok
123, The L ,i love you more today
124, The L ,we could go separate ways
125, The L ,i'll take the l instead
126, The L ,ok ok ok
127, The L ,i love you more today
128, The L ,forgive the things i've said
129, The L ,i'll take the l instead
130, The L ,all i
131, The L ,do for
132, The L ,you i
133, The L ,need to
134, The L ,do for
135, The L ,me too
136, The L ,think i
137, The L ,got this
138, The L ,ok ok ok
139, The L ,ok ok ok
140, The L ,i love you more today
141, The L ,i'll love you more
142, The L ,ok ok ok
143, The L ,i love you more today
144, The L ,forget the things i said
145, The L ,i'll take the l instead
153, Sleeping In ,i don't like laying around
154, Sleeping In ,but you like sleeping in
155, Sleeping In ,so i like sleeping in now
156, Sleeping In ,i don't like anyone else
157, Sleeping In ,and you like sleeping in
158, Sleeping In ,so i like sleeping in now
159, Sleeping In ,don't be sad
160, Sleeping In ,when i get up
161, Sleeping In ,i'll be right back
162, Sleeping In ,with your favorite mug
163, Sleeping In ,listening to arthur russell
164, Sleeping In ,wait for you to move a muscle
165, Sleeping In ,we're a wild combination
166, Sleeping In ,i don't like laying around
167, Sleeping In ,but you like sleeping in
168, Sleeping In ,so i like sleeping in now
169, Sleeping In ,i don't like anyone else
170, Sleeping In ,and you like sleeping in
171, Sleeping In ,so i like sleeping in now
172, Sleeping In ,you're effortless
173, Sleeping In ,lucky for me
174, Sleeping In ,'cause i'm a wreck
175, Sleeping In ,"weary, weak, and horny"
176, Sleeping In ,"in case you need to hear again, ""you're lovely"""
177, Sleeping In ,you're lovely
178, Sleeping In ,love is coexistence
179, Sleeping In ,you forget that you're just living side by side
180, Sleeping In ,lalalalalala
181, Sleeping In ,i don't like laying around
182, Sleeping In ,but you like sleeping in
183, Sleeping In ,so i like sleeping in now
184, Sleeping In ,i don't like anyone else
185, Sleeping In ,and you like sleeping in
186, Sleeping In ,so i like sleeping in now
187, Sleeping In ,while the earth
188, Sleeping In ,is spinning slow
189, Sleeping In ,you're asleep
190, Sleeping In ,you're aglow
198, Didn't ,left out
199, Didn't ,lawless
200, Didn't ,promise
201, Didn't ,i know impossible truth
202, Didn't ,vicious
203, Didn't ,sick of it
204, Didn't ,my way
205, Didn't ,i won't do it
206, Didn't ,wanna
207, Didn't ,finish
208, Didn't ,what if
209, Didn't ,what if i just didn't?
210, Didn't ,didn't
211, Didn't ,do it
212, Didn't ,didn't
213, Didn't ,do it
214, Didn't ,didn't
215, Didn't ,do it
216, Didn't ,what if i just didn't?
217, Didn't ,listen
218, Didn't ,honest
219, Didn't ,there's so much
220, Didn't ,that i'm expected to do
221, Didn't ,i feel
222, Didn't ,so insufficient
223, Didn't ,yeah i'm not
224, Didn't ,engineered quite like you
225, Didn't ,ambition
226, Didn't ,intermittent
227, Didn't ,then i think
228, Didn't ,"well, what if i just didn't?"
229, Didn't ,didn't
230, Didn't ,do it
231, Didn't ,didn't
232, Didn't ,do it
233, Didn't ,didn't
234, Didn't ,do it
235, Didn't ,what if i just didn't?
236, Didn't ,didn't
237, Didn't ,do it
238, Didn't ,didn't
239, Didn't ,do it
240, Didn't ,didn't
241, Didn't ,do it
242, Didn't ,what if i just didn't?
243, Didn't ,do what you want to
244, Didn't ,you know i'm so unenthused
245, Didn't ,i don't want to
246, Didn't ,what if i just didn't?
247, Didn't ,do what you want to
248, Didn't ,you know i'm so unenthused
249, Didn't ,i don't want to
250, Didn't ,what if i just didn't?
258, You Are Not Who You Were ,feeling vindicated
259, You Are Not Who You Were ,i checked and you are not that famous
260, You Are Not Who You Were ,not to be combative
261, You Are Not Who You Were ,but finally it doesn't matter
262, You Are Not Who You Were ,i'm everything you wanted
263, You Are Not Who You Were ,except i've never been dishonest
264, You Are Not Who You Were ,you are not who you were when this began
265, You Are Not Who You Were ,you are not who you are when we're hand in hand
266, You Are Not Who You Were ,when we're hand in hand
267, You Are Not Who You Were ,could've had me foolish
268, You Are Not Who You Were ,nightly you kept me on coolant
269, You Are Not Who You Were ,buzzing in the bathroom
270, You Are Not Who You Were ,i stitch myself to your disaster
271, You Are Not Who You Were ,i'm everything you wanted
272, You Are Not Who You Were ,except for everything you want
273, You Are Not Who You Were ,you are not who you were when this began
274, You Are Not Who You Were ,you are not who you are when we're hand in hand
275, You Are Not Who You Were ,you are not who you were when this began
276, You Are Not Who You Were ,you are not who you are when we're hand in hand
277, You Are Not Who You Were ,when we're hand in hand
278, You Are Not Who You Were ,you are not who you were when this began
279, You Are Not Who You Were ,you are not who you were when this began
287, What's the Fuzz ,"get busy dying and keep it hush, hush"
288, What's the Fuzz ,dissolve the poison in flattened peach crush
289, What's the Fuzz ,living is easier when you're stupid
290, What's the Fuzz ,might as well just keep it moving
291, What's the Fuzz ,get your ice cream! get your jesus!
292, What's the Fuzz ,"howdy, alaska, the tundra's freezing"
293, What's the Fuzz ,working the basics and building muscle
294, What's the Fuzz ,i'm not doing anything too special
295, What's the Fuzz ,blinder on a bucking bronco
296, What's the Fuzz ,pull the rug and shake it clean
297, What's the Fuzz ,what's the fuzz across my mind now?
298, What's the Fuzz ,squinting hard but i can't see
299, What's the Fuzz ,blinder on a bucking bronco
300, What's the Fuzz ,pull the rug and shake it clean
301, What's the Fuzz ,what's the fuzz across my mind now?
302, What's the Fuzz ,squinting hard but i can't see
303, What's the Fuzz ,blinder on a bucking bronco
304, What's the Fuzz ,bring the paywall to its knees
305, What's the Fuzz ,what's the fuzz across my mind now?
306, What's the Fuzz ,squinting hard so i can't see
314, YSL ,smoking at the met at dawn
315, YSL ,tell them that i'm yves st. laurent
316, YSL ,"this time last year, could barely walk"
317, YSL ,"don't play, don't play"
318, YSL ,"don't play, don't play, don't play"
319, YSL ,half a liter of my scum
320, YSL ,"a trouser suit, a mondrian"
321, YSL ,it takes so much to turn me off
322, YSL ,"don't play, don't play"
323, YSL ,"don't play, don't play, don't play"
324, YSL ,do you really want to waste your time?
325, YSL ,waste your time?
326, YSL ,do you really want to waste your time?
327, YSL ,waste your time?
328, YSL ,secret kept at your request
329, YSL ,didn't know i had one week left
330, YSL ,earned more than you once i was dead
331, YSL ,"don't play, don't play"
332, YSL ,"don't play, don't play, don't play"
333, YSL ,loved you always
334, YSL ,i am strong
335, YSL ,ready-to-wear couture on lock
336, YSL ,the girls will thank me once i'm gone
337, YSL ,"don't play, don't play"
338, YSL ,"don't play, don't play, don't play"
339, YSL ,do you really want to waste your time?
340, YSL ,waste your time?
341, YSL ,do you really want to waste your time?
342, YSL ,waste your time?
343, YSL ,do you really want to waste your time?
344, YSL ,waste your time?
345, YSL ,do you really want to waste your time?
346, YSL ,waste your time?
354, Power ,needle knife as a bookmark
355, Power ,"reminder to keep your wit sharp, oh"
356, Power ,when the fear
357, Power ,became real
358, Power ,taking on all my dumb shit
359, Power ,"wrapping it in your velvet, ah"
360, Power ,and i knew
361, Power ,i was cruel
362, Power ,i want to be where you are
363, Power ,i want to feel your
364, Power ,power
365, Power ,power
366, Power ,butterfly in the backyard
367, Power ,"comfort a fissured clay heart, ah"
368, Power ,but the sign
369, Power ,isn't mine
370, Power ,i want to be where you are
371, Power ,i want to feel your
372, Power ,power
373, Power ,power
374, Power ,i want to be where you are
375, Power ,i want to feel your
376, Power ,power
377, Power ,power
378, Power ,power
379, Power ,power
387, Everything Changes ,did you know?
388, Everything Changes ,everything changes
389, Everything Changes ,when you lose someone
390, Everything Changes ,when you lose someone
391, Everything Changes ,everything changes
392, Everything Changes ,now you can't get up
393, Everything Changes ,now the good is gone
394, Everything Changes ,while you're watching
395, Everything Changes ,every person around you
396, Everything Changes ,getting their life done
397, Everything Changes ,like they're moving on
398, Everything Changes ,'cause they're moving on
399, Everything Changes ,and everything changes
400, Everything Changes ,you're the only one
401, Everything Changes ,"yeah, you got stuck"
402, Everything Changes ,and you can't unpause
1, content//bedtime ,"three, two, one"
2, content//bedtime ,content
3, content//bedtime ,bedtime
4, content//bedtime ,e-motivational deadline
5, content//bedtime ,content
6, content//bedtime ,bedtime
7, content//bedtime ,e-motivational deadline (you are correct)
8, content//bedtime ,content
9, content//bedtime ,bedtime
10, content//bedtime ,e-motivational deadline (ah)
11, content//bedtime ,content
12, content//bedtime ,bedtime
13, content//bedtime ,e-motivational deadline (ah)
14, content//bedtime ,(content)
15, content//bedtime ,(bedtime)
16, content//bedtime ,everyone likes being around me
17, content//bedtime ,everyone likes being around you more
18, content//bedtime ,everyone like following fashion
19, content//bedtime ,everyone likes everyone else much more
20, content//bedtime ,everyone likes being around me
21, content//bedtime ,everyone likes being around you more
22, content//bedtime ,everyone likes filling the timeline
23, content//bedtime ,everyone likes keeping the best shots for the
24, content//bedtime ,content
25, content//bedtime ,bedtime
26, content//bedtime ,e-motivational deadline (they keeping it all for the content)
27, content//bedtime ,content
28, content//bedtime ,bedtime (alright)
29, content//bedtime ,e-motivational deadline (repeat after me)
30, content//bedtime ,content (t-e-e-e)
31, content//bedtime ,bedtime (v-e-e-e)
32, content//bedtime ,(w-w-dot-illuminati-hotties)
33, content//bedtime ,e-motivational deadline
34, content//bedtime ,(content)
35, content//bedtime ,t-e-e-e
36, content//bedtime ,(bedtime)
37, content//bedtime ,v-e-e-e
38, content//bedtime ,(e-motivational deadline)
39, content//bedtime ,w-w-dot-illuminati-hotties
40, content//bedtime ,(content)
41, content//bedtime ,oh-oh-oh-oh
42, content//bedtime ,(bedtime)
43, content//bedtime ,no-oh-oh-oh
44, content//bedtime ,(e-motivational deadline)
45, content//bedtime ,pouring a bowl of illuminati hot-o's
46, content//bedtime ,(content)
47, content//bedtime ,woah-oh-oh-oh
48, content//bedtime ,(bedtime)
49, content//bedtime ,no-oh-oh-oh
50, content//bedtime ,(you hear that?)
51, content//bedtime ,(e-motivational deadline)
52, content//bedtime ,pouring a bowl of illuminati hot-o's
53, content//bedtime ,(excellent form out there)
54, content//bedtime ,everyone likes being around me
55, content//bedtime ,everyone likes being around you more
56, content//bedtime ,everyone likes being around me
57, content//bedtime ,everyone likes being around you for the
58, content//bedtime ,content
59, content//bedtime ,bedtime
60, content//bedtime ,e-motivational deadline (they keep you around for the)
61, content//bedtime ,content
62, content//bedtime ,bedtime
63, content//bedtime ,e-motivational deadline (ready? all together)
64, content//bedtime ,(content)
65, content//bedtime ,t-e-e-e
66, content//bedtime ,(bedtime)
67, content//bedtime ,v-e-e-e
68, content//bedtime ,(e-motivational deadline)
69, content//bedtime ,w-w-dot-illuminati-hotties
70, content//bedtime ,(content)
71, content//bedtime ,woah-oh-oh-oh
72, content//bedtime ,(bedtime)
73, content//bedtime ,no-oh-oh-oh
74, content//bedtime ,(e-motivational deadline)
75, content//bedtime ,pouring a bowl of illuminati hot-o's
76, content//bedtime ,it's exhausting ain't it?
77, content//bedtime ,content
78, content//bedtime ,bedtime
86, b yr own b ,if you're fine then i'm fine too
87, b yr own b ,i got nothing to lose
88, b yr own b ,if i'm fine you must be too
89, b yr own b ,you got nothing to lose
90, b yr own b ,"uh-huh, you're worth the cost"
91, b yr own b ,"uh-huh, i'm better off"
92, b yr own b ,"uh-huh, bet you never thought that i could be my own"
93, b yr own b ,"uh-huh, i'm never not"
94, b yr own b ,if you're fine then i'm fine too
95, b yr own b ,i got nothing to lose
96, b yr own b ,if i'm fine you must be too
97, b yr own b ,you got nothing to lose
98, b yr own b ,"uh-huh, wish i was mad"
99, b yr own b ,"uh-huh, i let the line go slack"
100, b yr own b ,i gave you so much room
101, b yr own b ,so you're fine and i'm fine too
102, b yr own b ,i got nothing to lose
103, b yr own b ,if i'm fine you must be too
104, b yr own b ,you got nothing to lose
105, b yr own b ,if you're fine then i'm fine too
106, b yr own b ,i got nothing to lose
107, b yr own b ,if i'm fine you must be too
108, b yr own b ,you got nothing to lose
109, b yr own b ,uh-huh
110, b yr own b ,uh-huh
118, superiority complex (big noise) ,"good ear, brah, superior"
119, superiority complex (big noise) ,"ooh, you're lucky that you spotted such good songs"
120, superiority complex (big noise) ,or else you'd have to learn how to get good at your job
121, superiority complex (big noise) ,and so far you keep it cool whenever we talk real cloth
122, superiority complex (big noise) ,"oh my god, are you a cop?"
123, superiority complex (big noise) ,it's just i never seen you with a drink before
124, superiority complex (big noise) ,"i mean i, i never seen you take it easy before"
125, superiority complex (big noise) ,"so heads up, i'm tossing you another big gulp, grah"
126, superiority complex (big noise) ,big noise
127, superiority complex (big noise) ,decoy
128, superiority complex (big noise) ,you want it?
129, superiority complex (big noise) ,"you want a real shot, cowboy"
130, superiority complex (big noise) ,big noise
131, superiority complex (big noise) ,decoy
132, superiority complex (big noise) ,you want me?
133, superiority complex (big noise) ,"you want the real stuff, real noise"
134, superiority complex (big noise) ,first i made frenemies
135, superiority complex (big noise) ,made me a lot of frenemies
136, superiority complex (big noise) ,now i owe 'em seven stacks
137, superiority complex (big noise) ,and won't even get the circle p
138, superiority complex (big noise) ,so pretty please
139, superiority complex (big noise) ,ain't it easy when you're eating from the fists of all the young guns
140, superiority complex (big noise) ,who hardly ever thought they could be?
141, superiority complex (big noise) ,big noise
142, superiority complex (big noise) ,decoy
143, superiority complex (big noise) ,they want it
144, superiority complex (big noise) ,"they want a real shot, cowboy"
145, superiority complex (big noise) ,big noise
146, superiority complex (big noise) ,decoy
147, superiority complex (big noise) ,you want me?
148, superiority complex (big noise) ,"you want the real stuff, real noise"
149, superiority complex (big noise) ,big noise
150, superiority complex (big noise) ,decoy
151, superiority complex (big noise) ,you want it?
152, superiority complex (big noise) ,"you want a real shot, cowboy"
153, superiority complex (big noise) ,big noise
154, superiority complex (big noise) ,decoy
155, superiority complex (big noise) ,you want me?
156, superiority complex (big noise) ,"you want the real stuff, real noise"
164, I Wanna Keep Yr Dog ,"i felt very little for you, oh well"
165, I Wanna Keep Yr Dog ,thanks for taking care of ol' me
166, I Wanna Keep Yr Dog ,"i'm not easy, easy"
167, I Wanna Keep Yr Dog ,when i see your name in pictures
168, I Wanna Keep Yr Dog ,"i'll say, ""isn't finding fate so funny?"""
169, I Wanna Keep Yr Dog ,"that seems easy, easy"
170, I Wanna Keep Yr Dog ,okay
171, I Wanna Keep Yr Dog ,"you're alright, but i wanna keep your dog"
172, I Wanna Keep Yr Dog ,this is the last night unless you let me keep your dog
173, I Wanna Keep Yr Dog ,i know you want me close
174, I Wanna Keep Yr Dog ,"but when you're gone, it's her i miss the most"
175, I Wanna Keep Yr Dog ,i'd rather keep your dog
176, I Wanna Keep Yr Dog ,on the night that it was over
177, I Wanna Keep Yr Dog ,"i said, ""i'll drive out to culver city"""
178, I Wanna Keep Yr Dog ,"that seems easy, easy"
179, I Wanna Keep Yr Dog ,"well, the west side's not my favorite"
180, I Wanna Keep Yr Dog ,do you know a spot where we can grab tea?
181, I Wanna Keep Yr Dog ,don't bring iggy or i won't leave
182, I Wanna Keep Yr Dog ,"you're alright, but i wanna keep your dog"
183, I Wanna Keep Yr Dog ,this is the last night unless you let me keep your dog
184, I Wanna Keep Yr Dog ,i know you want me close
185, I Wanna Keep Yr Dog ,"but when you're gone, it's her i miss the most"
186, I Wanna Keep Yr Dog ,i'd rather keep your dog
187, I Wanna Keep Yr Dog ,never been so insincere
188, I Wanna Keep Yr Dog ,"so messed up, i want her here"
189, I Wanna Keep Yr Dog ,proto-punk and unexpected
190, I Wanna Keep Yr Dog ,but i think that she and i connected
191, I Wanna Keep Yr Dog ,"you're alright, but i wanna keep your dog"
192, I Wanna Keep Yr Dog ,this is the last night unless you let me keep your dog
193, I Wanna Keep Yr Dog ,i know you want me close
194, I Wanna Keep Yr Dog ,"but when you're gone, it's her i miss the most"
195, I Wanna Keep Yr Dog ,i'd rather keep your dog
196, I Wanna Keep Yr Dog ,i'd rather keep your dog
197, I Wanna Keep Yr Dog ,i recor- i recorded the whole thing with a bart simpson pick
198, I Wanna Keep Yr Dog ,my lugs are falling off of my snare drum
199, I Wanna Keep Yr Dog ,"ay, caramba!"
207, ppl plzr ,watching time square on a tiny tv
208, ppl plzr ,will their buddies even like me?
209, ppl plzr ,kissin' at the stroke of twelve
210, ppl plzr ,stumblin' off to slime you in the cozy cabin
211, ppl plzr ,"cushy mommy, three hours north of the mojave"
212, ppl plzr ,lickin' at a salty pond
213, ppl plzr ,lickin' on what turns you on
214, ppl plzr ,the downbeat of a brand new year
215, ppl plzr ,i'm still scared you hardly care
216, ppl plzr ,until you brought me to your beachfront condo
217, ppl plzr ,"whispered, ""i'm in love with you, tud"""
218, ppl plzr ,half-off at a tiki bar
219, ppl plzr ,mellow moonlight on the carpet
220, ppl plzr ,even only slightly zooted
221, ppl plzr ,"everything seems lush with you, kid"
222, ppl plzr ,i know who could drive us home
223, ppl plzr ,"next time, let's invite them both"
224, ppl plzr ,"the downbeat of a brand new year, ah-ah-ah-ah"
225, ppl plzr ,and all its biggest fears
226, ppl plzr ,"i mean, i'm not some stylish soothsayer"
227, ppl plzr ,and i was not expectin' her
228, ppl plzr ,but then you took off with a howlin' heavy
229, ppl plzr ,hopeless heat on 2020
230, ppl plzr ,guess i am the lesser man
231, ppl plzr ,guess i am the drugstore brand
232, ppl plzr ,"but i still work hard, plus i'm cheaper"
233, ppl plzr ,"if it matters, people pleaser"
234, ppl plzr ,how'd ya miss the sheep clothes?
235, ppl plzr ,trade your puppy for a wolf
236, ppl plzr ,the downbeat of a brand new year
237, ppl plzr ,i know now you hardly care
238, ppl plzr ,ah-ah-ah-ah-ah
239, ppl plzr ,ah-ah-ah-ah
240, ppl plzr ,ah-ah-ah-ah-ah-ah
241, ppl plzr ,ah-ah-ah-ah
242, ppl plzr ,ah-ah-ah-ah
243, ppl plzr ,ah-ah-ah-ah-ah-ah-ah
244, ppl plzr ,how can i prove i'm a keeper?
245, ppl plzr ,"if it matters, people pleaser"
253, Sandwich Sharer ,restarted kissing
254, Sandwich Sharer ,"you said, ""i'm dreaming"""
255, Sandwich Sharer ,i couldn't stop from laughing
256, Sandwich Sharer ,'cause that's the realest thing
257, Sandwich Sharer ,i ever did
258, Sandwich Sharer ,taking our clothes off
259, Sandwich Sharer ,painting on rooftops
260, Sandwich Sharer ,sit back on shingles in the shade
261, Sandwich Sharer ,i bare my teeth at future fake-
262, Sandwich Sharer ,outs we had coming
263, Sandwich Sharer ,drooling tomato sauce
264, Sandwich Sharer ,to make it look legit
265, Sandwich Sharer ,you thought i was bleeding but that's just my spit
266, Sandwich Sharer ,sandwich sharer
267, Sandwich Sharer ,unprepared for
268, Sandwich Sharer ,what comes after this
269, Sandwich Sharer ,take the big half
270, Sandwich Sharer ,i will bite back
271, Sandwich Sharer ,what you won't finish
272, Sandwich Sharer ,until we're finished
273, Sandwich Sharer ,reset the cartridge
274, Sandwich Sharer ,take out the garbage
275, Sandwich Sharer ,i can't tell if i'm hurting you
276, Sandwich Sharer ,i can't tell if i wanted to
277, Sandwich Sharer ,so i do chores
278, Sandwich Sharer ,your lazy tenant
279, Sandwich Sharer ,starved for attention
280, Sandwich Sharer ,the truest artist with a start
281, Sandwich Sharer ,a mazy mind and post-it heart
282, Sandwich Sharer ,left on the door hinge
283, Sandwich Sharer ,ordered a margarita
284, Sandwich Sharer ,at the irish bar
285, Sandwich Sharer ,guess i could've warned you but i've hardly strayed the course
286, Sandwich Sharer ,sandwich sharer
287, Sandwich Sharer ,unprepared for
288, Sandwich Sharer ,what comes after this
289, Sandwich Sharer ,take the big half
290, Sandwich Sharer ,i will bite back
291, Sandwich Sharer ,what you won't finish
292, Sandwich Sharer ,until we're finished
293, Sandwich Sharer ,this is the dismount
294, Sandwich Sharer ,this is the time it counts
295, Sandwich Sharer ,eventually the freeway ends
296, Sandwich Sharer ,and drops me off right next to where
297, Sandwich Sharer ,you used to live
305, Truck ,like only a teamster could
306, Truck ,you got so good at splitting
307, Truck ,'cause nothing beats open road
308, Truck ,when the radio chatter's hitting
309, Truck ,what better companionship
310, Truck ,"than a peterbilt, extended?"
311, Truck ,packing only the foreman's freight
312, Truck ,and an interstate diesel blessing
313, Truck ,"singing, ""heaven is a truck"""
314, Truck ,the 710 is slammed but you don't give a fuck
315, Truck ,you got other plans
316, Truck ,saying the world is ending fast and i know you won't give it up
317, Truck ,you grew up way too fast
318, Truck ,took your corncob act to the city
319, Truck ,thought there could be something more
320, Truck ,turns out hollywood's just as boring
321, Truck ,sticking to the first game plan
322, Truck ,words from your old man ringing truly
323, Truck ,"""john, you know to trust your gut"
324, Truck ,"when you're gearing up, take it easy"""
325, Truck ,"you sing, ""heaven is a truck"""
326, Truck ,the 710 is slammed but you don't give a fuck
327, Truck ,you could take a chance
328, Truck ,saying the world is ending fast and i know you won't give it up
329, Truck ,"singing, ""heaven is a truck"""
330, Truck ,the 710 is slammed but you don't give a fuck
331, Truck ,doggy in the cab
332, Truck ,cruising on a breeze 'til she says enough is enough
333, Truck ,heaven is a truck
334, Truck ,the 710 is slammed but you don't give a fuck
335, Truck ,begging you last
336, Truck ,one hand out the window i know you won't give it up
337, Truck ,heaven is a truck
338, Truck ,you won't give it up
1, K - HOT AM 818 ,"nothing like an ice cold ripper on a hot summer day, huh?"
2, K - HOT AM 818 ,"here at illuminati hotquarters, we're committed to keeping you happy, hydrated, and most of all, having a great time! so hang on to your masters, folks, and keep it locked to k-hot am 818! shred on!"
10, Pressed 2 Death ,"one, two, pbblt"
11, Pressed 2 Death ,i wrote a song on your guitar and it sounds like
12, Pressed 2 Death ,you wrote a song on my guitar and it sounds like shit
13, Pressed 2 Death ,"i'll trace the freckles on your arm and it felt like ooh, ooh, ooh"
14, Pressed 2 Death ,you held the fabric of my heart and then ripped it
15, Pressed 2 Death ,you only like me when i'm sad
16, Pressed 2 Death ,you only want me when i'm feelin' bad
17, Pressed 2 Death ,you only like me when i'm sad
18, Pressed 2 Death ,you only want me when i'm feelin' bad
19, Pressed 2 Death ,and now i'm feelin' so bad
20, Pressed 2 Death ,i'm watching everybody dance from the safe wall
21, Pressed 2 Death ,you try act like you don't care but you're smiling
22, Pressed 2 Death ,i'm talkin' this close to your ear 'cause it's way loud
23, Pressed 2 Death ,what's all the hype with cold brew coffee and kissin' in public?
24, Pressed 2 Death ,you only like me when i'm sad
25, Pressed 2 Death ,you only want me when i'm feelin' bad
26, Pressed 2 Death ,you only like me when i'm sad
27, Pressed 2 Death ,you only want me when i'm feelin' bad
28, Pressed 2 Death ,and now i'm feelin' so bad
29, Pressed 2 Death ,i'm sad
30, Pressed 2 Death ,you only want me when i'm feelin' bad
31, Pressed 2 Death ,you only like me when i'm sad
32, Pressed 2 Death ,you only want me when i'm feelin' bad
33, Pressed 2 Death ,now i'm feelin' so bad
41, reasons 2 live ,thank blob i got a job that keeps me busy doing stuff i love
42, reasons 2 live ,"oh my, i wanna die sometimes and i remember the people who keep me alive"
43, reasons 2 live ,"mm-hm-mm, mm-hm-mm"
44, reasons 2 live ,ashleigh taught me how to love my grown-up body
45, reasons 2 live ,and joey cares more than any other human being
46, reasons 2 live ,chuckie knows exactly what to say
47, reasons 2 live ,and katterson makes the most beautiful paintings
48, reasons 2 live ,"mm-hm-mm, mm-hm-mm"
49, reasons 2 live ,"mm-hm-mm, mm-hm-mm"
50, reasons 2 live ,"good grief, i brush my teeth"
51, reasons 2 live ,it's the one thing i can't skip no matter where i sleep
52, reasons 2 live ,"chill out, i'm on your couch"
53, reasons 2 live ,"come closer, maybe we could snuggle it out"
54, reasons 2 live ,"mm-hm-mm, mm-hm-mm"
55, reasons 2 live ,dean's got dance moves like nobody's business
56, reasons 2 live ,"and liam stays up late, we have so much to talk about"
57, reasons 2 live ,emily can sing just like a princess
58, reasons 2 live ,and mikey c. is so good and so sweet to me
59, reasons 2 live ,"mm-hm-mm, mm-hm-mm"
60, reasons 2 live ,"mm-hm-mm, mm-hm-mm"
1, MMMOOOAAAAAYAYA ,"you think i'm interesting, don't you?"
2, MMMOOOAAAAAYAYA ,think i'm fascinating? won't you
3, MMMOOOAAAAAYAYA ,swing by after hours so you
4, MMMOOOAAAAAYAYA ,know just what you're getting into? uh-huh
5, MMMOOOAAAAAYAYA ,"i got style like your twin sister, i"
6, MMMOOOAAAAAYAYA ,"i cut my hair, but it covers my eyes"
7, MMMOOOAAAAAYAYA ,"and on the phone, when they call me ""mister,"" i"
8, MMMOOOAAAAAYAYA ,"i say, ""ma'am, that'll be just fine"""
9, MMMOOOAAAAAYAYA ,mm-mm-mm
10, MMMOOOAAAAAYAYA ,oh-oh-oh
11, MMMOOOAAAAAYAYA ,ah-ah-ah-ah-ah
12, MMMOOOAAAAAYAYA ,"yeah, yeah"
13, MMMOOOAAAAAYAYA ,mm-mm-mm
14, MMMOOOAAAAAYAYA ,oh-oh-oh
15, MMMOOOAAAAAYAYA ,ah-ah-ah-ah-ah
16, MMMOOOAAAAAYAYA ,"yeah, yeah"
17, MMMOOOAAAAAYAYA ,you think i wanna be a part of
18, MMMOOOAAAAAYAYA ,every self-appointed startup?
19, MMMOOOAAAAAYAYA ,every brand-approval markup?
20, MMMOOOAAAAAYAYA ,"place that precious pretty product, but i"
21, MMMOOOAAAAAYAYA ,i took a trip and met the ojai shaman
22, MMMOOOAAAAAYAYA ,"man, i was scared when i took his drugs"
23, MMMOOOAAAAAYAYA ,i sat around like an old tortilla
24, MMMOOOAAAAAYAYA ,"folded and flat, full of mold and bugs"
25, MMMOOOAAAAAYAYA ,mm-mm-mm
26, MMMOOOAAAAAYAYA ,oh-oh-oh
27, MMMOOOAAAAAYAYA ,ah-ah-ah-ah-ah
28, MMMOOOAAAAAYAYA ,"yeah, yeah"
29, MMMOOOAAAAAYAYA ,mm-mm-mm
30, MMMOOOAAAAAYAYA ,oh-oh-oh
31, MMMOOOAAAAAYAYA ,ah-ah-ah-ah-ah
32, MMMOOOAAAAAYAYA ,"yeah, yeah"
33, MMMOOOAAAAAYAYA ,"love me, fight me, choke me, bite me"
34, MMMOOOAAAAAYAYA ,"(love me, fight me, choke me, bite me)"
35, MMMOOOAAAAAYAYA ,the dnc is playing dirty
36, MMMOOOAAAAAYAYA ,(the dnc is playing dirty)
37, MMMOOOAAAAAYAYA ,"text me, touch me, call me ""daddy"""
38, MMMOOOAAAAAYAYA ,"(text me, touch me, call me ""daddy"")"
39, MMMOOOAAAAAYAYA ,"i'm so sad, i can't do laundry"
40, MMMOOOAAAAAYAYA ,"(i'm so sad, i can't do laundry)"
41, MMMOOOAAAAAYAYA ,"so, i do a dabble where i dribble the babble, baby, ah"
42, MMMOOOAAAAAYAYA ,"i had it bad but now i'm back in the saddle, baby"
43, MMMOOOAAAAAYAYA ,"an ex-terrestrial: i used to be grounded, baby"
44, MMMOOOAAAAAYAYA ,"pitiful puppy, pick me up at the pound now"
45, MMMOOOAAAAAYAYA ,"i guess i'm too fun, i guess i'm too funny"
46, MMMOOOAAAAAYAYA ,"if you're not laughing, baby, then you're not making money"
47, MMMOOOAAAAAYAYA ,ahahaha!
48, MMMOOOAAAAAYAYA ,then you're not making money
49, MMMOOOAAAAAYAYA ,ah! ah! ah!
50, MMMOOOAAAAAYAYA ,mm-mm-mm
51, MMMOOOAAAAAYAYA ,oh-oh-oh
52, MMMOOOAAAAAYAYA ,ah-ah-ah-ah-ah
53, MMMOOOAAAAAYAYA ,"yeah, yeah"
54, MMMOOOAAAAAYAYA ,mm-mm-mm
55, MMMOOOAAAAAYAYA ,oh-oh-oh
56, MMMOOOAAAAAYAYA ,ah-ah-ah-ah-ah
57, MMMOOOAAAAAYAYA ,"yeah, yeah"
58, MMMOOOAAAAAYAYA ,mm-mm-mm
59, MMMOOOAAAAAYAYA ,oh-oh-oh
60, MMMOOOAAAAAYAYA ,ah-ah-ah-ah-ah
61, MMMOOOAAAAAYAYA ,yeah yeah
62, MMMOOOAAAAAYAYA ,mm-mm-mm
63, MMMOOOAAAAAYAYA ,oh-oh-oh
64, MMMOOOAAAAAYAYA ,ah-ah-ah-ah-ah
65, MMMOOOAAAAAYAYA ,yeah
66, MMMOOOAAAAAYAYA ,"yeah, uh-huh, uh-huh"
74, 777 ,open your palm
75, 777 ,read along
76, 777 ,can you see me?
77, 777 ,from far apart
78, 777 ,through the dark
79, 777 ,i'm repeating...
80, 777 ,i wanna figure you out
81, 777 ,i wanna take you around
82, 777 ,wide like space
83, 777 ,blue like heaven
84, 777 ,you're my spade
85, 777 ,lucky 777
86, 777 ,777
87, 777 ,slug on the slot
88, 777 ,bet a lot
89, 777 ,trust me
90, 777 ,the token tame
91, 777 ,round and plain
92, 777 ,i'm lucky
93, 777 ,i wanna figure you out
94, 777 ,i wanna take you around
95, 777 ,i wanna hold you for now
96, 777 ,wide like space
97, 777 ,blue like heaven
98, 777 ,you're my spade
99, 777 ,lucky 777
100, 777 ,777
101, 777 ,wide like space
102, 777 ,blue like heaven
103, 777 ,you're my spade
104, 777 ,lucky 777
105, 777 ,wide like space
106, 777 ,blue like heaven
107, 777 ,you're my spade
108, 777 ,lucky 777
109, 777 ,777...
117, Everything Changes ,did you know?
118, Everything Changes ,everything changes
119, Everything Changes ,when you lose someone
120, Everything Changes ,when you lose someone
121, Everything Changes ,everything changes
122, Everything Changes ,now you can't get up
123, Everything Changes ,now the good is gone
124, Everything Changes ,while you're watching
125, Everything Changes ,every person around you
126, Everything Changes ,getting their life done
127, Everything Changes ,like they're moving on
128, Everything Changes ,'cause they're moving on
129, Everything Changes ,and everything changes
130, Everything Changes ,you're the only one
131, Everything Changes ,"yeah, you got stuck"
132, Everything Changes ,and you can't unpause
NA, Wreck My Life ,your favorite band is full of shit
NA, Wreck My Life ,"they're the nouveau riche, fronting as socialist"
NA, Wreck My Life ,restless 'cause you moved around as a kid
NA, Wreck My Life ,got an arrow tattooed on your ribs
NA, Wreck My Life ,"quit your bookstore job, telling me cash is tight"
NA, Wreck My Life ,doing your grocery shopping at the 365
NA, Wreck My Life ,microdose psilocybin every night
NA, Wreck My Life ,pierced your lower lip just to feel alive
NA, Wreck My Life ,i think that you could wreck my life
NA, Wreck My Life ,if you tried
NA, Wreck My Life ,"come on, try"
NA, Wreck My Life ,"i'd let you wreck my life, ooh"
NA, Wreck My Life ,walk into the bar wearing a marlboro hat
NA, Wreck My Life ,trying to appeal to the greater mass
NA, Wreck My Life ,"i hate that i want you, but i can't"
NA, Wreck My Life ,take home an eco-tourist drinking draft
NA, Wreck My Life ,reading murakami on the weekend
NA, Wreck My Life ,telling everybody that i let you
NA, Wreck My Life ,wreck my life
NA, Wreck My Life ,if you tried
NA, Wreck My Life ,"come on, try"
NA, Wreck My Life ,i'd let you wreck my life
NA, Wreck My Life ,i would die
NA, Wreck My Life ,swear that i
NA, Wreck My Life ,will let you wreck my life
NA, Wreck My Life ,if you tried
NA, Wreck My Life ,"come on, try"
NA, Wreck My Life ,"i'll let you wreck my life, ooh"
